match_id,season,start_date,venue,innings,ball,batting_team,bowling_team,striker,non_striker,bowler,runs_off_bat,extras,wides,noballs,byes,legbyes,penalty,wicket_type,player_dismissed,other_wicket_type,other_player_dismissed
1535462,2026,2026-05-26,"Himachal Pradesh Cricket Association Stadium, Dharamsala",1,0.1,Royal Challengers Bengaluru,Gujarat Titans,VR Iyer,V Kohli,Mohammed Siraj,4,0,,,,,,,,,
1535462,2026,2026-05-26,"Himachal Pradesh Cricket Association Stadium, Dharamsala",1,0.2,Royal Challengers Bengaluru,Gujarat Titans,VR Iyer,V Kohli,Mohammed Siraj,4,0,,,,,,,,,
1535462,2026,2026-05-26,"Himachal Pradesh Cricket Association Stadium, Dharamsala",1,0.3,Royal Challengers Bengaluru,Gujarat Titans,VR Iyer,V Kohli,Mohammed Siraj,0,0,,,,,,,,,
1535462,2026,2026-05-26,"Himachal Pradesh Cricket Association Stadium, Dharamsala",1,0.4,Royal Challengers Bengaluru,Gujarat Titans,VR Iyer,V Kohli,Mohammed Siraj,4,0,,,,,,,,,
1535462,2026,2026-05-26,"Himachal Pradesh Cricket Association Stadium, Dharamsala",1,0.5,Royal Challengers Bengaluru,Gujarat Titans,VR Iyer,V Kohli,Mohammed Siraj,1,0,,,,,,,,,
1535462,2026,2026-05-26,"Himachal Pradesh Cricket Association Stadium, Dharamsala",1,0.6,Royal Challengers Bengaluru,Gujarat Titans,V Kohli,VR Iyer,Mohammed Siraj,1,0,,,,,,,,,
1535462,2026,2026-05-26,"Himachal Pradesh Cricket Association Stadium, Dharamsala",1,1.1,Royal Challengers Bengaluru,Gujarat Titans,V Kohli,VR Iyer,K Rabada,0,0,,,,,,,,,
1535462,2026,2026-05-26,"Himachal Pradesh Cricket Association Stadium, Dharamsala",1,1.2,Royal Challengers Bengaluru,Gujarat Titans,V Kohli,VR Iyer,K Rabada,0,0,,,,,,,,,
1535462,2026,2026-05-26,"Himachal Pradesh Cricket Association Stadium, Dharamsala",1,1.3,Royal Challengers Bengaluru,Gujarat Titans,V Kohli,VR Iyer,K Rabada,0,0,,,,,,,,,
1535462,2026,2026-05-26,"Himachal Pradesh Cricket Association Stadium, Dharamsala",1,1.4,Royal Challengers Bengaluru,Gujarat Titans,V Kohli,VR Iyer,K Rabada,1,0,,,,,,,,,
1535462,2026,2026-05-26,"Himachal Pradesh Cricket Association Stadium, Dharamsala",1,1.5,Royal Challengers Bengaluru,Gujarat Titans,VR Iyer,V Kohli,K Rabada,6,0,,,,,,,,,
1535462,2026,2026-05-26,"Himachal Pradesh Cricket Association Stadium, Dharamsala",1,1.6,Royal Challengers Bengaluru,Gujarat Titans,VR Iyer,V Kohli,K Rabada,0,0,,,,,,caught,VR Iyer,,
1535462,2026,2026-05-26,"Himachal Pradesh Cricket Association Stadium, Dharamsala",1,2.1,Royal Challengers Bengaluru,Gujarat Titans,V Kohli,D Padikkal,Mohammed Siraj,4,0,,,,,,,,,
1535462,2026,2026-05-26,"Himachal Pradesh Cricket Association Stadium, Dharamsala",1,2.2,Royal Challengers Bengaluru,Gujarat Titans,V Kohli,D Padikkal,Mohammed Siraj,2,0,,,,,,,,,
1535462,2026,2026-05-26,"Himachal Pradesh Cricket Association Stadium, Dharamsala",1,2.3,Royal Challengers Bengaluru,Gujarat Titans,V Kohli,D Padikkal,Mohammed Siraj,1,0,,,,,,,,,
1535462,2026,2026-05-26,"Himachal Pradesh Cricket Association Stadium, Dharamsala",1,2.4,Royal Challengers Bengaluru,Gujarat Titans,D Padikkal,V Kohli,Mohammed Siraj,0,0,,,,,,,,,
1535462,2026,2026-05-26,"Himachal Pradesh Cricket Association Stadium, Dharamsala",1,2.5,Royal Challengers Bengaluru,Gujarat Titans,D Padikkal,V Kohli,Mohammed Siraj,0,0,,,,,,,,,
1535462,2026,2026-05-26,"Himachal Pradesh Cricket Association Stadium, Dharamsala",1,2.6,Royal Challengers Bengaluru,Gujarat Titans,D Padikkal,V Kohli,Mohammed Siraj,4,0,,,,,,,,,
1535462,2026,2026-05-26,"Himachal Pradesh Cricket Association Stadium, Dharamsala",1,3.1,Royal Challengers Bengaluru,Gujarat Titans,V Kohli,D Padikkal,K Rabada,4,0,,,,,,,,,
1535462,2026,2026-05-26,"Himachal Pradesh Cricket Association Stadium, Dharamsala",1,3.2,Royal Challengers Bengaluru,Gujarat Titans,V Kohli,D Padikkal,K Rabada,1,0,,,,,,,,,
1535462,2026,2026-05-26,"Himachal Pradesh Cricket Association Stadium, Dharamsala",1,3.3,Royal Challengers Bengaluru,Gujarat Titans,D Padikkal,V Kohli,K Rabada,4,0,,,,,,,,,
1535462,2026,2026-05-26,"Himachal Pradesh Cricket Association Stadium, Dharamsala",1,3.4,Royal Challengers Bengaluru,Gujarat Titans,D Padikkal,V Kohli,K Rabada,4,0,,,,,,,,,
1535462,2026,2026-05-26,"Himachal Pradesh Cricket Association Stadium, Dharamsala",1,3.5,Royal Challengers Bengaluru,Gujarat Titans,D Padikkal,V Kohli,K Rabada,4,0,,,,,,,,,
1535462,2026,2026-05-26,"Himachal Pradesh Cricket Association Stadium, Dharamsala",1,3.6,Royal Challengers Bengaluru,Gujarat Titans,D Padikkal,V Kohli,K Rabada,1,0,,,,,,,,,
1535462,2026,2026-05-26,"Himachal Pradesh Cricket Association Stadium, Dharamsala",1,4.1,Royal Challengers Bengaluru,Gujarat Titans,D Padikkal,V Kohli,JO Holder,1,0,,,,,,,,,
1535462,2026,2026-05-26,"Himachal Pradesh Cricket Association Stadium, Dharamsala",1,4.2,Royal Challengers Bengaluru,Gujarat Titans,V Kohli,D Padikkal,JO Holder,1,0,,,,,,,,,
1535462,2026,2026-05-26,"Himachal Pradesh Cricket Association Stadium, Dharamsala",1,4.3,Royal Challengers Bengaluru,Gujarat Titans,D Padikkal,V Kohli,JO Holder,4,0,,,,,,,,,
1535462,2026,2026-05-26,"Himachal Pradesh Cricket Association Stadium, Dharamsala",1,4.4,Royal Challengers Bengaluru,Gujarat Titans,D Padikkal,V Kohli,JO Holder,0,0,,,,,,,,,
1535462,2026,2026-05-26,"Himachal Pradesh Cricket Association Stadium, Dharamsala",1,4.5,Royal Challengers Bengaluru,Gujarat Titans,D Padikkal,V Kohli,JO Holder,1,0,,,,,,,,,
1535462,2026,2026-05-26,"Himachal Pradesh Cricket Association Stadium, Dharamsala",1,4.6,Royal Challengers Bengaluru,Gujarat Titans,V Kohli,D Padikkal,JO Holder,5,0,,,,,,,,,
1535462,2026,2026-05-26,"Himachal Pradesh Cricket Association Stadium, Dharamsala",1,5.1,Royal Challengers Bengaluru,Gujarat Titans,V Kohli,D Padikkal,K Rabada,4,0,,,,,,,,,
1535462,2026,2026-05-26,"Himachal Pradesh Cricket Association Stadium, Dharamsala",1,5.2,Royal Challengers Bengaluru,Gujarat Titans,V Kohli,D Padikkal,K Rabada,0,0,,,,,,,,,
1535462,2026,2026-05-26,"Himachal Pradesh Cricket Association Stadium, Dharamsala",1,5.3,Royal Challengers Bengaluru,Gujarat Titans,V Kohli,D Padikkal,K Rabada,4,0,,,,,,,,,
1535462,2026,2026-05-26,"Himachal Pradesh Cricket Association Stadium, Dharamsala",1,5.4,Royal Challengers Bengaluru,Gujarat Titans,V Kohli,D Padikkal,K Rabada,0,0,,,,,,,,,
1535462,2026,2026-05-26,"Himachal Pradesh Cricket Association Stadium, Dharamsala",1,5.5,Royal Challengers Bengaluru,Gujarat Titans,V Kohli,D Padikkal,K Rabada,6,0,,,,,,,,,
1535462,2026,2026-05-26,"Himachal Pradesh Cricket Association Stadium, Dharamsala",1,5.6,Royal Challengers Bengaluru,Gujarat Titans,V Kohli,D Padikkal,K Rabada,0,0,,,,,,,,,
1535462,2026,2026-05-26,"Himachal Pradesh Cricket Association Stadium, Dharamsala",1,6.1,Royal Challengers Bengaluru,Gujarat Titans,D Padikkal,V Kohli,JO Holder,1,0,,,,,,,,,
1535462,2026,2026-05-26,"Himachal Pradesh Cricket Association Stadium, Dharamsala",1,6.2,Royal Challengers Bengaluru,Gujarat Titans,V Kohli,D Padikkal,JO Holder,4,0,,,,,,,,,
1535462,2026,2026-05-26,"Himachal Pradesh Cricket Association Stadium, Dharamsala",1,6.3,Royal Challengers Bengaluru,Gujarat Titans,V Kohli,D Padikkal,JO Holder,1,0,,,,,,,,,
1535462,2026,2026-05-26,"Himachal Pradesh Cricket Association Stadium, Dharamsala",1,6.4,Royal Challengers Bengaluru,Gujarat Titans,D Padikkal,V Kohli,JO Holder,1,0,,,,,,,,,
1535462,2026,2026-05-26,"Himachal Pradesh Cricket Association Stadium, Dharamsala",1,6.5,Royal Challengers Bengaluru,Gujarat Titans,V Kohli,D Padikkal,JO Holder,1,0,,,,,,,,,
1535462,2026,2026-05-26,"Himachal Pradesh Cricket Association Stadium, Dharamsala",1,6.6,Royal Challengers Bengaluru,Gujarat Titans,D Padikkal,V Kohli,JO Holder,2,0,,,,,,,,,
1535462,2026,2026-05-26,"Himachal Pradesh Cricket Association Stadium, Dharamsala",1,7.1,Royal Challengers Bengaluru,Gujarat Titans,V Kohli,D Padikkal,Rashid Khan,1,0,,,,,,,,,
1535462,2026,2026-05-26,"Himachal Pradesh Cricket Association Stadium, Dharamsala",1,7.2,Royal Challengers Bengaluru,Gujarat Titans,D Padikkal,V Kohli,Rashid Khan,0,1,,,,1,,,,,
1535462,2026,2026-05-26,"Himachal Pradesh Cricket Association Stadium, Dharamsala",1,7.3,Royal Challengers Bengaluru,Gujarat Titans,V Kohli,D Padikkal,Rashid Khan,1,0,,,,,,,,,
1535462,2026,2026-05-26,"Himachal Pradesh Cricket Association Stadium, Dharamsala",1,7.4,Royal Challengers Bengaluru,Gujarat Titans,D Padikkal,V Kohli,Rashid Khan,1,0,,,,,,,,,
1535462,2026,2026-05-26,"Himachal Pradesh Cricket Association Stadium, Dharamsala",1,7.5,Royal Challengers Bengaluru,Gujarat Titans,V Kohli,D Padikkal,Rashid Khan,1,0,,,,,,,,,
1535462,2026,2026-05-26,"Himachal Pradesh Cricket Association Stadium, Dharamsala",1,7.6,Royal Challengers Bengaluru,Gujarat Titans,D Padikkal,V Kohli,Rashid Khan,1,0,,,,,,,,,
1535462,2026,2026-05-26,"Himachal Pradesh Cricket Association Stadium, Dharamsala",1,8.1,Royal Challengers Bengaluru,Gujarat Titans,D Padikkal,V Kohli,JO Holder,1,0,,,,,,,,,
1535462,2026,2026-05-26,"Himachal Pradesh Cricket Association Stadium, Dharamsala",1,8.2,Royal Challengers Bengaluru,Gujarat Titans,V Kohli,D Padikkal,JO Holder,0,0,,,,,,bowled,V Kohli,,
1535462,2026,2026-05-26,"Himachal Pradesh Cricket Association Stadium, Dharamsala",1,8.3,Royal Challengers Bengaluru,Gujarat Titans,RM Patidar,D Padikkal,JO Holder,1,0,,,,,,,,,
1535462,2026,2026-05-26,"Himachal Pradesh Cricket Association Stadium, Dharamsala",1,8.4,Royal Challengers Bengaluru,Gujarat Titans,D Padikkal,RM Patidar,JO Holder,0,0,,,,,,caught,D Padikkal,,
1535462,2026,2026-05-26,"Himachal Pradesh Cricket Association Stadium, Dharamsala",1,8.5,Royal Challengers Bengaluru,Gujarat Titans,KH Pandya,RM Patidar,JO Holder,0,0,,,,,,,,,
1535462,2026,2026-05-26,"Himachal Pradesh Cricket Association Stadium, Dharamsala",1,8.6,Royal Challengers Bengaluru,Gujarat Titans,KH Pandya,RM Patidar,JO Holder,2,0,,,,,,,,,
1535462,2026,2026-05-26,"Himachal Pradesh Cricket Association Stadium, Dharamsala",1,9.1,Royal Challengers Bengaluru,Gujarat Titans,RM Patidar,KH Pandya,Rashid Khan,1,0,,,,,,,,,
1535462,2026,2026-05-26,"Himachal Pradesh Cricket Association Stadium, Dharamsala",1,9.2,Royal Challengers Bengaluru,Gujarat Titans,KH Pandya,RM Patidar,Rashid Khan,0,0,,,,,,,,,
1535462,2026,2026-05-26,"Himachal Pradesh Cricket Association Stadium, Dharamsala",1,9.3,Royal Challengers Bengaluru,Gujarat Titans,KH Pandya,RM Patidar,Rashid Khan,0,0,,,,,,,,,
1535462,2026,2026-05-26,"Himachal Pradesh Cricket Association Stadium, Dharamsala",1,9.4,Royal Challengers Bengaluru,Gujarat Titans,KH Pandya,RM Patidar,Rashid Khan,0,0,,,,,,,,,
1535462,2026,2026-05-26,"Himachal Pradesh Cricket Association Stadium, Dharamsala",1,9.5,Royal Challengers Bengaluru,Gujarat Titans,KH Pandya,RM Patidar,Rashid Khan,1,0,,,,,,,,,
1535462,2026,2026-05-26,"Himachal Pradesh Cricket Association Stadium, Dharamsala",1,9.6,Royal Challengers Bengaluru,Gujarat Titans,RM Patidar,KH Pandya,Rashid Khan,1,0,,,,,,,,,
1535462,2026,2026-05-26,"Himachal Pradesh Cricket Association Stadium, Dharamsala",1,10.1,Royal Challengers Bengaluru,Gujarat Titans,RM Patidar,KH Pandya,JO Holder,6,0,,,,,,,,,
1535462,2026,2026-05-26,"Himachal Pradesh Cricket Association Stadium, Dharamsala",1,10.2,Royal Challengers Bengaluru,Gujarat Titans,RM Patidar,KH Pandya,JO Holder,1,0,,,,,,,,,
1535462,2026,2026-05-26,"Himachal Pradesh Cricket Association Stadium, Dharamsala",1,10.3,Royal Challengers Bengaluru,Gujarat Titans,KH Pandya,RM Patidar,JO Holder,1,0,,,,,,,,,
1535462,2026,2026-05-26,"Himachal Pradesh Cricket Association Stadium, Dharamsala",1,10.4,Royal Challengers Bengaluru,Gujarat Titans,RM Patidar,KH Pandya,JO Holder,1,0,,,,,,,,,
1535462,2026,2026-05-26,"Himachal Pradesh Cricket Association Stadium, Dharamsala",1,10.5,Royal Challengers Bengaluru,Gujarat Titans,KH Pandya,RM Patidar,JO Holder,0,0,,,,,,,,,
1535462,2026,2026-05-26,"Himachal Pradesh Cricket Association Stadium, Dharamsala",1,10.6,Royal Challengers Bengaluru,Gujarat Titans,KH Pandya,RM Patidar,JO Holder,4,0,,,,,,,,,
1535462,2026,2026-05-26,"Himachal Pradesh Cricket Association Stadium, Dharamsala",1,11.1,Royal Challengers Bengaluru,Gujarat Titans,RM Patidar,KH Pandya,M Prasidh Krishna,1,0,,,,,,,,,
1535462,2026,2026-05-26,"Himachal Pradesh Cricket Association Stadium, Dharamsala",1,11.2,Royal Challengers Bengaluru,Gujarat Titans,KH Pandya,RM Patidar,M Prasidh Krishna,1,0,,,,,,,,,
1535462,2026,2026-05-26,"Himachal Pradesh Cricket Association Stadium, Dharamsala",1,11.3,Royal Challengers Bengaluru,Gujarat Titans,RM Patidar,KH Pandya,M Prasidh Krishna,0,1,,,1,,,,,,
1535462,2026,2026-05-26,"Himachal Pradesh Cricket Association Stadium, Dharamsala",1,11.4,Royal Challengers Bengaluru,Gujarat Titans,KH Pandya,RM Patidar,M Prasidh Krishna,0,0,,,,,,,,,
1535462,2026,2026-05-26,"Himachal Pradesh Cricket Association Stadium, Dharamsala",1,11.5,Royal Challengers Bengaluru,Gujarat Titans,KH Pandya,RM Patidar,M Prasidh Krishna,4,0,,,,,,,,,
1535462,2026,2026-05-26,"Himachal Pradesh Cricket Association Stadium, Dharamsala",1,11.6,Royal Challengers Bengaluru,Gujarat Titans,KH Pandya,RM Patidar,M Prasidh Krishna,6,0,,,,,,,,,
1535462,2026,2026-05-26,"Himachal Pradesh Cricket Association Stadium, Dharamsala",1,12.1,Royal Challengers Bengaluru,Gujarat Titans,RM Patidar,KH Pandya,K Khejroliya,1,0,,,,,,,,,
1535462,2026,2026-05-26,"Himachal Pradesh Cricket Association Stadium, Dharamsala",1,12.2,Royal Challengers Bengaluru,Gujarat Titans,KH Pandya,RM Patidar,K Khejroliya,0,0,,,,,,,,,
1535462,2026,2026-05-26,"Himachal Pradesh Cricket Association Stadium, Dharamsala",1,12.3,Royal Challengers Bengaluru,Gujarat Titans,KH Pandya,RM Patidar,K Khejroliya,0,0,,,,,,,,,
1535462,2026,2026-05-26,"Himachal Pradesh Cricket Association Stadium, Dharamsala",1,12.4,Royal Challengers Bengaluru,Gujarat Titans,KH Pandya,RM Patidar,K Khejroliya,0,0,,,,,,,,,
1535462,2026,2026-05-26,"Himachal Pradesh Cricket Association Stadium, Dharamsala",1,12.5,Royal Challengers Bengaluru,Gujarat Titans,KH Pandya,RM Patidar,K Khejroliya,1,0,,,,,,,,,
1535462,2026,2026-05-26,"Himachal Pradesh Cricket Association Stadium, Dharamsala",1,12.6,Royal Challengers Bengaluru,Gujarat Titans,RM Patidar,KH Pandya,K Khejroliya,1,0,,,,,,,,,
1535462,2026,2026-05-26,"Himachal Pradesh Cricket Association Stadium, Dharamsala",1,13.1,Royal Challengers Bengaluru,Gujarat Titans,RM Patidar,KH Pandya,M Prasidh Krishna,2,0,,,,,,,,,
1535462,2026,2026-05-26,"Himachal Pradesh Cricket Association Stadium, Dharamsala",1,13.2,Royal Challengers Bengaluru,Gujarat Titans,RM Patidar,KH Pandya,M Prasidh Krishna,4,0,,,,,,,,,
1535462,2026,2026-05-26,"Himachal Pradesh Cricket Association Stadium, Dharamsala",1,13.3,Royal Challengers Bengaluru,Gujarat Titans,RM Patidar,KH Pandya,M Prasidh Krishna,1,0,,,,,,,,,
1535462,2026,2026-05-26,"Himachal Pradesh Cricket Association Stadium, Dharamsala",1,13.4,Royal Challengers Bengaluru,Gujarat Titans,KH Pandya,RM Patidar,M Prasidh Krishna,4,0,,,,,,,,,
1535462,2026,2026-05-26,"Himachal Pradesh Cricket Association Stadium, Dharamsala",1,13.5,Royal Challengers Bengaluru,Gujarat Titans,KH Pandya,RM Patidar,M Prasidh Krishna,0,0,,,,,,,,,
1535462,2026,2026-05-26,"Himachal Pradesh Cricket Association Stadium, Dharamsala",1,13.6,Royal Challengers Bengaluru,Gujarat Titans,KH Pandya,RM Patidar,M Prasidh Krishna,1,0,,,,,,,,,
1535462,2026,2026-05-26,"Himachal Pradesh Cricket Association Stadium, Dharamsala",1,14.1,Royal Challengers Bengaluru,Gujarat Titans,KH Pandya,RM Patidar,K Khejroliya,1,0,,,,,,,,,
1535462,2026,2026-05-26,"Himachal Pradesh Cricket Association Stadium, Dharamsala",1,14.2,Royal Challengers Bengaluru,Gujarat Titans,RM Patidar,KH Pandya,K Khejroliya,1,0,,,,,,,,,
1535462,2026,2026-05-26,"Himachal Pradesh Cricket Association Stadium, Dharamsala",1,14.3,Royal Challengers Bengaluru,Gujarat Titans,KH Pandya,RM Patidar,K Khejroliya,4,1,,1,,,,,,,
1535462,2026,2026-05-26,"Himachal Pradesh Cricket Association Stadium, Dharamsala",1,14.4,Royal Challengers Bengaluru,Gujarat Titans,KH Pandya,RM Patidar,K Khejroliya,0,1,1,,,,,,,,
1535462,2026,2026-05-26,"Himachal Pradesh Cricket Association Stadium, Dharamsala",1,14.5,Royal Challengers Bengaluru,Gujarat Titans,KH Pandya,RM Patidar,K Khejroliya,4,0,,,,,,,,,
1535462,2026,2026-05-26,"Himachal Pradesh Cricket Association Stadium, Dharamsala",1,14.6,Royal Challengers Bengaluru,Gujarat Titans,KH Pandya,RM Patidar,K Khejroliya,1,1,,1,,,,,,,
1535462,2026,2026-05-26,"Himachal Pradesh Cricket Association Stadium, Dharamsala",1,14.7,Royal Challengers Bengaluru,Gujarat Titans,RM Patidar,KH Pandya,K Khejroliya,4,0,,,,,,,,,
1535462,2026,2026-05-26,"Himachal Pradesh Cricket Association Stadium, Dharamsala",1,14.8,Royal Challengers Bengaluru,Gujarat Titans,RM Patidar,KH Pandya,K Khejroliya,6,0,,,,,,,,,
1535462,2026,2026-05-26,"Himachal Pradesh Cricket Association Stadium, Dharamsala",1,14.9,Royal Challengers Bengaluru,Gujarat Titans,RM Patidar,KH Pandya,K Khejroliya,4,0,,,,,,,,,
1535462,2026,2026-05-26,"Himachal Pradesh Cricket Association Stadium, Dharamsala",1,15.1,Royal Challengers Bengaluru,Gujarat Titans,KH Pandya,RM Patidar,Rashid Khan,1,0,,,,,,,,,
1535462,2026,2026-05-26,"Himachal Pradesh Cricket Association Stadium, Dharamsala",1,15.2,Royal Challengers Bengaluru,Gujarat Titans,RM Patidar,KH Pandya,Rashid Khan,6,0,,,,,,,,,
1535462,2026,2026-05-26,"Himachal Pradesh Cricket Association Stadium, Dharamsala",1,15.3,Royal Challengers Bengaluru,Gujarat Titans,RM Patidar,KH Pandya,Rashid Khan,1,0,,,,,,,,,
1535462,2026,2026-05-26,"Himachal Pradesh Cricket Association Stadium, Dharamsala",1,15.4,Royal Challengers Bengaluru,Gujarat Titans,KH Pandya,RM Patidar,Rashid Khan,6,0,,,,,,,,,
1535462,2026,2026-05-26,"Himachal Pradesh Cricket Association Stadium, Dharamsala",1,15.5,Royal Challengers Bengaluru,Gujarat Titans,KH Pandya,RM Patidar,Rashid Khan,1,0,,,,,,,,,
1535462,2026,2026-05-26,"Himachal Pradesh Cricket Association Stadium, Dharamsala",1,15.6,Royal Challengers Bengaluru,Gujarat Titans,RM Patidar,KH Pandya,Rashid Khan,6,0,,,,,,,,,
1535462,2026,2026-05-26,"Himachal Pradesh Cricket Association Stadium, Dharamsala",1,16.1,Royal Challengers Bengaluru,Gujarat Titans,KH Pandya,RM Patidar,K Rabada,0,0,,,,,,caught,KH Pandya,,
1535462,2026,2026-05-26,"Himachal Pradesh Cricket Association Stadium, Dharamsala",1,16.2,Royal Challengers Bengaluru,Gujarat Titans,TH David,RM Patidar,K Rabada,1,0,,,,,,,,,
1535462,2026,2026-05-26,"Himachal Pradesh Cricket Association Stadium, Dharamsala",1,16.3,Royal Challengers Bengaluru,Gujarat Titans,RM Patidar,TH David,K Rabada,6,0,,,,,,,,,
1535462,2026,2026-05-26,"Himachal Pradesh Cricket Association Stadium, Dharamsala",1,16.4,Royal Challengers Bengaluru,Gujarat Titans,RM Patidar,TH David,K Rabada,6,0,,,,,,,,,
1535462,2026,2026-05-26,"Himachal Pradesh Cricket Association Stadium, Dharamsala",1,16.5,Royal Challengers Bengaluru,Gujarat Titans,RM Patidar,TH David,K Rabada,1,0,,,,,,,,,
1535462,2026,2026-05-26,"Himachal Pradesh Cricket Association Stadium, Dharamsala",1,16.6,Royal Challengers Bengaluru,Gujarat Titans,TH David,RM Patidar,K Rabada,1,0,,,,,,,,,
1535462,2026,2026-05-26,"Himachal Pradesh Cricket Association Stadium, Dharamsala",1,17.1,Royal Challengers Bengaluru,Gujarat Titans,TH David,RM Patidar,M Prasidh Krishna,0,1,1,,,,,,,,
1535462,2026,2026-05-26,"Himachal Pradesh Cricket Association Stadium, Dharamsala",1,17.2,Royal Challengers Bengaluru,Gujarat Titans,TH David,RM Patidar,M Prasidh Krishna,1,0,,,,,,,,,
1535462,2026,2026-05-26,"Himachal Pradesh Cricket Association Stadium, Dharamsala",1,17.3,Royal Challengers Bengaluru,Gujarat Titans,RM Patidar,TH David,M Prasidh Krishna,1,0,,,,,,,,,
1535462,2026,2026-05-26,"Himachal Pradesh Cricket Association Stadium, Dharamsala",1,17.4,Royal Challengers Bengaluru,Gujarat Titans,TH David,RM Patidar,M Prasidh Krishna,1,0,,,,,,,,,
1535462,2026,2026-05-26,"Himachal Pradesh Cricket Association Stadium, Dharamsala",1,17.5,Royal Challengers Bengaluru,Gujarat Titans,RM Patidar,TH David,M Prasidh Krishna,4,0,,,,,,,,,
1535462,2026,2026-05-26,"Himachal Pradesh Cricket Association Stadium, Dharamsala",1,17.6,Royal Challengers Bengaluru,Gujarat Titans,RM Patidar,TH David,M Prasidh Krishna,1,0,,,,,,,,,
1535462,2026,2026-05-26,"Himachal Pradesh Cricket Association Stadium, Dharamsala",1,17.7,Royal Challengers Bengaluru,Gujarat Titans,TH David,RM Patidar,M Prasidh Krishna,0,1,1,,,,,,,,
1535462,2026,2026-05-26,"Himachal Pradesh Cricket Association Stadium, Dharamsala",1,17.8,Royal Challengers Bengaluru,Gujarat Titans,TH David,RM Patidar,M Prasidh Krishna,0,0,,,,,,bowled,TH David,,
1535462,2026,2026-05-26,"Himachal Pradesh Cricket Association Stadium, Dharamsala",1,18.1,Royal Challengers Bengaluru,Gujarat Titans,RM Patidar,JM Sharma,Mohammed Siraj,6,0,,,,,,,,,
1535462,2026,2026-05-26,"Himachal Pradesh Cricket Association Stadium, Dharamsala",1,18.2,Royal Challengers Bengaluru,Gujarat Titans,RM Patidar,JM Sharma,Mohammed Siraj,4,0,,,,,,,,,
1535462,2026,2026-05-26,"Himachal Pradesh Cricket Association Stadium, Dharamsala",1,18.3,Royal Challengers Bengaluru,Gujarat Titans,RM Patidar,JM Sharma,Mohammed Siraj,1,0,,,,,,,,,
1535462,2026,2026-05-26,"Himachal Pradesh Cricket Association Stadium, Dharamsala",1,18.4,Royal Challengers Bengaluru,Gujarat Titans,JM Sharma,RM Patidar,Mohammed Siraj,0,0,,,,,,,,,
1535462,2026,2026-05-26,"Himachal Pradesh Cricket Association Stadium, Dharamsala",1,18.5,Royal Challengers Bengaluru,Gujarat Titans,JM Sharma,RM Patidar,Mohammed Siraj,4,0,,,,,,,,,
1535462,2026,2026-05-26,"Himachal Pradesh Cricket Association Stadium, Dharamsala",1,18.6,Royal Challengers Bengaluru,Gujarat Titans,JM Sharma,RM Patidar,Mohammed Siraj,6,0,,,,,,,,,
1535462,2026,2026-05-26,"Himachal Pradesh Cricket Association Stadium, Dharamsala",1,19.1,Royal Challengers Bengaluru,Gujarat Titans,RM Patidar,JM Sharma,M Prasidh Krishna,6,0,,,,,,,,,
1535462,2026,2026-05-26,"Himachal Pradesh Cricket Association Stadium, Dharamsala",1,19.2,Royal Challengers Bengaluru,Gujarat Titans,RM Patidar,JM Sharma,M Prasidh Krishna,1,0,,,,,,,,,
1535462,2026,2026-05-26,"Himachal Pradesh Cricket Association Stadium, Dharamsala",1,19.3,Royal Challengers Bengaluru,Gujarat Titans,JM Sharma,RM Patidar,M Prasidh Krishna,3,0,,,,,,,,,
1535462,2026,2026-05-26,"Himachal Pradesh Cricket Association Stadium, Dharamsala",1,19.4,Royal Challengers Bengaluru,Gujarat Titans,RM Patidar,JM Sharma,M Prasidh Krishna,6,0,,,,,,,,,
1535462,2026,2026-05-26,"Himachal Pradesh Cricket Association Stadium, Dharamsala",1,19.5,Royal Challengers Bengaluru,Gujarat Titans,RM Patidar,JM Sharma,M Prasidh Krishna,1,0,,,,,,,,,
1535462,2026,2026-05-26,"Himachal Pradesh Cricket Association Stadium, Dharamsala",1,19.6,Royal Challengers Bengaluru,Gujarat Titans,JM Sharma,RM Patidar,M Prasidh Krishna,2,0,,,,,,,,,
1535462,2026,2026-05-26,"Himachal Pradesh Cricket Association Stadium, Dharamsala",2,0.1,Gujarat Titans,Royal Challengers Bengaluru,B Sai Sudharsan,Shubman Gill,JA Duffy,4,0,,,,,,,,,
1535462,2026,2026-05-26,"Himachal Pradesh Cricket Association Stadium, Dharamsala",2,0.2,Gujarat Titans,Royal Challengers Bengaluru,B Sai Sudharsan,Shubman Gill,JA Duffy,4,0,,,,,,,,,
1535462,2026,2026-05-26,"Himachal Pradesh Cricket Association Stadium, Dharamsala",2,0.3,Gujarat Titans,Royal Challengers Bengaluru,B Sai Sudharsan,Shubman Gill,JA Duffy,1,0,,,,,,,,,
1535462,2026,2026-05-26,"Himachal Pradesh Cricket Association Stadium, Dharamsala",2,0.4,Gujarat Titans,Royal Challengers Bengaluru,Shubman Gill,B Sai Sudharsan,JA Duffy,0,0,,,,,,,,,
1535462,2026,2026-05-26,"Himachal Pradesh Cricket Association Stadium, Dharamsala",2,0.5,Gujarat Titans,Royal Challengers Bengaluru,Shubman Gill,B Sai Sudharsan,JA Duffy,0,0,,,,,,,,,
1535462,2026,2026-05-26,"Himachal Pradesh Cricket Association Stadium, Dharamsala",2,0.6,Gujarat Titans,Royal Challengers Bengaluru,Shubman Gill,B Sai Sudharsan,JA Duffy,2,0,,,,,,,,,
1535462,2026,2026-05-26,"Himachal Pradesh Cricket Association Stadium, Dharamsala",2,1.1,Gujarat Titans,Royal Challengers Bengaluru,B Sai Sudharsan,Shubman Gill,B Kumar,0,0,,,,,,,,,
1535462,2026,2026-05-26,"Himachal Pradesh Cricket Association Stadium, Dharamsala",2,1.2,Gujarat Titans,Royal Challengers Bengaluru,B Sai Sudharsan,Shubman Gill,B Kumar,0,1,1,,,,,,,,
1535462,2026,2026-05-26,"Himachal Pradesh Cricket Association Stadium, Dharamsala",2,1.3,Gujarat Titans,Royal Challengers Bengaluru,B Sai Sudharsan,Shubman Gill,B Kumar,0,0,,,,,,,,,
1535462,2026,2026-05-26,"Himachal Pradesh Cricket Association Stadium, Dharamsala",2,1.4,Gujarat Titans,Royal Challengers Bengaluru,B Sai Sudharsan,Shubman Gill,B Kumar,1,0,,,,,,,,,
1535462,2026,2026-05-26,"Himachal Pradesh Cricket Association Stadium, Dharamsala",2,1.5,Gujarat Titans,Royal Challengers Bengaluru,Shubman Gill,B Sai Sudharsan,B Kumar,0,0,,,,,,,,,
1535462,2026,2026-05-26,"Himachal Pradesh Cricket Association Stadium, Dharamsala",2,1.6,Gujarat Titans,Royal Challengers Bengaluru,Shubman Gill,B Sai Sudharsan,B Kumar,0,0,,,,,,,,,
1535462,2026,2026-05-26,"Himachal Pradesh Cricket Association Stadium, Dharamsala",2,1.7,Gujarat Titans,Royal Challengers Bengaluru,Shubman Gill,B Sai Sudharsan,B Kumar,0,0,,,,,,,,,
1535462,2026,2026-05-26,"Himachal Pradesh Cricket Association Stadium, Dharamsala",2,2.1,Gujarat Titans,Royal Challengers Bengaluru,B Sai Sudharsan,Shubman Gill,JA Duffy,0,0,,,,,,,,,
1535462,2026,2026-05-26,"Himachal Pradesh Cricket Association Stadium, Dharamsala",2,2.2,Gujarat Titans,Royal Challengers Bengaluru,B Sai Sudharsan,Shubman Gill,JA Duffy,4,0,,,,,,,,,
1535462,2026,2026-05-26,"Himachal Pradesh Cricket Association Stadium, Dharamsala",2,2.3,Gujarat Titans,Royal Challengers Bengaluru,B Sai Sudharsan,Shubman Gill,JA Duffy,0,0,,,,,,hit wicket,B Sai Sudharsan,,
1535462,2026,2026-05-26,"Himachal Pradesh Cricket Association Stadium, Dharamsala",2,2.4,Gujarat Titans,Royal Challengers Bengaluru,JC Buttler,Shubman Gill,JA Duffy,0,0,,,,,,,,,
1535462,2026,2026-05-26,"Himachal Pradesh Cricket Association Stadium, Dharamsala",2,2.5,Gujarat Titans,Royal Challengers Bengaluru,JC Buttler,Shubman Gill,JA Duffy,4,0,,,,,,,,,
1535462,2026,2026-05-26,"Himachal Pradesh Cricket Association Stadium, Dharamsala",2,2.6,Gujarat Titans,Royal Challengers Bengaluru,JC Buttler,Shubman Gill,JA Duffy,6,0,,,,,,,,,
1535462,2026,2026-05-26,"Himachal Pradesh Cricket Association Stadium, Dharamsala",2,3.1,Gujarat Titans,Royal Challengers Bengaluru,Shubman Gill,JC Buttler,B Kumar,0,0,,,,,,bowled,Shubman Gill,,
1535462,2026,2026-05-26,"Himachal Pradesh Cricket Association Stadium, Dharamsala",2,3.2,Gujarat Titans,Royal Challengers Bengaluru,N Sindhu,JC Buttler,B Kumar,1,0,,,,,,,,,
1535462,2026,2026-05-26,"Himachal Pradesh Cricket Association Stadium, Dharamsala",2,3.3,Gujarat Titans,Royal Challengers Bengaluru,JC Buttler,N Sindhu,B Kumar,0,0,,,,,,,,,
1535462,2026,2026-05-26,"Himachal Pradesh Cricket Association Stadium, Dharamsala",2,3.4,Gujarat Titans,Royal Challengers Bengaluru,JC Buttler,N Sindhu,B Kumar,4,0,,,,,,,,,
1535462,2026,2026-05-26,"Himachal Pradesh Cricket Association Stadium, Dharamsala",2,3.5,Gujarat Titans,Royal Challengers Bengaluru,JC Buttler,N Sindhu,B Kumar,1,0,,,,,,,,,
1535462,2026,2026-05-26,"Himachal Pradesh Cricket Association Stadium, Dharamsala",2,3.6,Gujarat Titans,Royal Challengers Bengaluru,N Sindhu,JC Buttler,B Kumar,4,0,,,,,,,,,
1535462,2026,2026-05-26,"Himachal Pradesh Cricket Association Stadium, Dharamsala",2,4.1,Gujarat Titans,Royal Challengers Bengaluru,JC Buttler,N Sindhu,JR Hazlewood,0,0,,,,,,,,,
1535462,2026,2026-05-26,"Himachal Pradesh Cricket Association Stadium, Dharamsala",2,4.2,Gujarat Titans,Royal Challengers Bengaluru,JC Buttler,N Sindhu,JR Hazlewood,4,0,,,,,,,,,
1535462,2026,2026-05-26,"Himachal Pradesh Cricket Association Stadium, Dharamsala",2,4.3,Gujarat Titans,Royal Challengers Bengaluru,JC Buttler,N Sindhu,JR Hazlewood,6,0,,,,,,,,,
1535462,2026,2026-05-26,"Himachal Pradesh Cricket Association Stadium, Dharamsala",2,4.4,Gujarat Titans,Royal Challengers Bengaluru,JC Buttler,N Sindhu,JR Hazlewood,4,0,,,,,,,,,
1535462,2026,2026-05-26,"Himachal Pradesh Cricket Association Stadium, Dharamsala",2,4.5,Gujarat Titans,Royal Challengers Bengaluru,JC Buttler,N Sindhu,JR Hazlewood,0,0,,,,,,bowled,JC Buttler,,
1535462,2026,2026-05-26,"Himachal Pradesh Cricket Association Stadium, Dharamsala",2,4.6,Gujarat Titans,Royal Challengers Bengaluru,Washington Sundar,N Sindhu,JR Hazlewood,0,0,,,,,,,,,
1535462,2026,2026-05-26,"Himachal Pradesh Cricket Association Stadium, Dharamsala",2,5.1,Gujarat Titans,Royal Challengers Bengaluru,N Sindhu,Washington Sundar,Rasikh Salam,0,0,,,,,,caught and bowled,N Sindhu,,
1535462,2026,2026-05-26,"Himachal Pradesh Cricket Association Stadium, Dharamsala",2,5.2,Gujarat Titans,Royal Challengers Bengaluru,JO Holder,Washington Sundar,Rasikh Salam,0,0,,,,,,,,,
1535462,2026,2026-05-26,"Himachal Pradesh Cricket Association Stadium, Dharamsala",2,5.3,Gujarat Titans,Royal Challengers Bengaluru,JO Holder,Washington Sundar,Rasikh Salam,0,0,,,,,,,,,
1535462,2026,2026-05-26,"Himachal Pradesh Cricket Association Stadium, Dharamsala",2,5.4,Gujarat Titans,Royal Challengers Bengaluru,JO Holder,Washington Sundar,Rasikh Salam,0,0,,,,,,caught,JO Holder,,
1535462,2026,2026-05-26,"Himachal Pradesh Cricket Association Stadium, Dharamsala",2,5.5,Gujarat Titans,Royal Challengers Bengaluru,R Tewatia,Washington Sundar,Rasikh Salam,0,0,,,,,,,,,
1535462,2026,2026-05-26,"Himachal Pradesh Cricket Association Stadium, Dharamsala",2,5.6,Gujarat Titans,Royal Challengers Bengaluru,R Tewatia,Washington Sundar,Rasikh Salam,0,0,,,,,,,,,
1535462,2026,2026-05-26,"Himachal Pradesh Cricket Association Stadium, Dharamsala",2,6.1,Gujarat Titans,Royal Challengers Bengaluru,Washington Sundar,R Tewatia,JR Hazlewood,1,0,,,,,,,,,
1535462,2026,2026-05-26,"Himachal Pradesh Cricket Association Stadium, Dharamsala",2,6.2,Gujarat Titans,Royal Challengers Bengaluru,R Tewatia,Washington Sundar,JR Hazlewood,0,0,,,,,,,,,
1535462,2026,2026-05-26,"Himachal Pradesh Cricket Association Stadium, Dharamsala",2,6.3,Gujarat Titans,Royal Challengers Bengaluru,R Tewatia,Washington Sundar,JR Hazlewood,0,0,,,,,,,,,
1535462,2026,2026-05-26,"Himachal Pradesh Cricket Association Stadium, Dharamsala",2,6.4,Gujarat Titans,Royal Challengers Bengaluru,R Tewatia,Washington Sundar,JR Hazlewood,0,0,,,,,,,,,
1535462,2026,2026-05-26,"Himachal Pradesh Cricket Association Stadium, Dharamsala",2,6.5,Gujarat Titans,Royal Challengers Bengaluru,R Tewatia,Washington Sundar,JR Hazlewood,0,0,,,,,,,,,
1535462,2026,2026-05-26,"Himachal Pradesh Cricket Association Stadium, Dharamsala",2,6.6,Gujarat Titans,Royal Challengers Bengaluru,R Tewatia,Washington Sundar,JR Hazlewood,1,0,,,,,,,,,
1535462,2026,2026-05-26,"Himachal Pradesh Cricket Association Stadium, Dharamsala",2,7.1,Gujarat Titans,Royal Challengers Bengaluru,R Tewatia,Washington Sundar,Rasikh Salam,1,0,,,,,,,,,
1535462,2026,2026-05-26,"Himachal Pradesh Cricket Association Stadium, Dharamsala",2,7.2,Gujarat Titans,Royal Challengers Bengaluru,Washington Sundar,R Tewatia,Rasikh Salam,2,0,,,,,,,,,
1535462,2026,2026-05-26,"Himachal Pradesh Cricket Association Stadium, Dharamsala",2,7.3,Gujarat Titans,Royal Challengers Bengaluru,Washington Sundar,R Tewatia,Rasikh Salam,0,1,,1,,,,,,,
1535462,2026,2026-05-26,"Himachal Pradesh Cricket Association Stadium, Dharamsala",2,7.4,Gujarat Titans,Royal Challengers Bengaluru,Washington Sundar,R Tewatia,Rasikh Salam,0,1,1,,,,,,,,
1535462,2026,2026-05-26,"Himachal Pradesh Cricket Association Stadium, Dharamsala",2,7.5,Gujarat Titans,Royal Challengers Bengaluru,Washington Sundar,R Tewatia,Rasikh Salam,4,0,,,,,,,,,
1535462,2026,2026-05-26,"Himachal Pradesh Cricket Association Stadium, Dharamsala",2,7.6,Gujarat Titans,Royal Challengers Bengaluru,Washington Sundar,R Tewatia,Rasikh Salam,0,0,,,,,,,,,
1535462,2026,2026-05-26,"Himachal Pradesh Cricket Association Stadium, Dharamsala",2,7.7,Gujarat Titans,Royal Challengers Bengaluru,Washington Sundar,R Tewatia,Rasikh Salam,1,0,,,,,,,,,
1535462,2026,2026-05-26,"Himachal Pradesh Cricket Association Stadium, Dharamsala",2,7.8,Gujarat Titans,Royal Challengers Bengaluru,R Tewatia,Washington Sundar,Rasikh Salam,1,0,,,,,,,,,
1535462,2026,2026-05-26,"Himachal Pradesh Cricket Association Stadium, Dharamsala",2,8.1,Gujarat Titans,Royal Challengers Bengaluru,R Tewatia,Washington Sundar,JA Duffy,1,0,,,,,,,,,
1535462,2026,2026-05-26,"Himachal Pradesh Cricket Association Stadium, Dharamsala",2,8.2,Gujarat Titans,Royal Challengers Bengaluru,Washington Sundar,R Tewatia,JA Duffy,0,0,,,,,,caught,Washington Sundar,,
1535462,2026,2026-05-26,"Himachal Pradesh Cricket Association Stadium, Dharamsala",2,8.3,Gujarat Titans,Royal Challengers Bengaluru,Rashid Khan,R Tewatia,JA Duffy,0,0,,,,,,,,,
1535462,2026,2026-05-26,"Himachal Pradesh Cricket Association Stadium, Dharamsala",2,8.4,Gujarat Titans,Royal Challengers Bengaluru,Rashid Khan,R Tewatia,JA Duffy,0,0,,,,,,,,,
1535462,2026,2026-05-26,"Himachal Pradesh Cricket Association Stadium, Dharamsala",2,8.5,Gujarat Titans,Royal Challengers Bengaluru,Rashid Khan,R Tewatia,JA Duffy,0,1,,,,1,,,,,
1535462,2026,2026-05-26,"Himachal Pradesh Cricket Association Stadium, Dharamsala",2,8.6,Gujarat Titans,Royal Challengers Bengaluru,R Tewatia,Rashid Khan,JA Duffy,0,0,,,,,,,,,
1535462,2026,2026-05-26,"Himachal Pradesh Cricket Association Stadium, Dharamsala",2,9.1,Gujarat Titans,Royal Challengers Bengaluru,Rashid Khan,R Tewatia,KH Pandya,0,0,,,,,,,,,
1535462,2026,2026-05-26,"Himachal Pradesh Cricket Association Stadium, Dharamsala",2,9.2,Gujarat Titans,Royal Challengers Bengaluru,Rashid Khan,R Tewatia,KH Pandya,0,0,,,,,,,,,
1535462,2026,2026-05-26,"Himachal Pradesh Cricket Association Stadium, Dharamsala",2,9.3,Gujarat Titans,Royal Challengers Bengaluru,Rashid Khan,R Tewatia,KH Pandya,1,0,,,,,,,,,
1535462,2026,2026-05-26,"Himachal Pradesh Cricket Association Stadium, Dharamsala",2,9.4,Gujarat Titans,Royal Challengers Bengaluru,R Tewatia,Rashid Khan,KH Pandya,1,0,,,,,,,,,
1535462,2026,2026-05-26,"Himachal Pradesh Cricket Association Stadium, Dharamsala",2,9.5,Gujarat Titans,Royal Challengers Bengaluru,Rashid Khan,R Tewatia,KH Pandya,1,0,,,,,,,,,
1535462,2026,2026-05-26,"Himachal Pradesh Cricket Association Stadium, Dharamsala",2,9.6,Gujarat Titans,Royal Challengers Bengaluru,R Tewatia,Rashid Khan,KH Pandya,1,0,,,,,,,,,
1535462,2026,2026-05-26,"Himachal Pradesh Cricket Association Stadium, Dharamsala",2,10.1,Gujarat Titans,Royal Challengers Bengaluru,R Tewatia,Rashid Khan,JA Duffy,1,0,,,,,,,,,
1535462,2026,2026-05-26,"Himachal Pradesh Cricket Association Stadium, Dharamsala",2,10.2,Gujarat Titans,Royal Challengers Bengaluru,Rashid Khan,R Tewatia,JA Duffy,6,0,,,,,,,,,
1535462,2026,2026-05-26,"Himachal Pradesh Cricket Association Stadium, Dharamsala",2,10.3,Gujarat Titans,Royal Challengers Bengaluru,Rashid Khan,R Tewatia,JA Duffy,0,1,1,,,,,,,,
1535462,2026,2026-05-26,"Himachal Pradesh Cricket Association Stadium, Dharamsala",2,10.4,Gujarat Titans,Royal Challengers Bengaluru,Rashid Khan,R Tewatia,JA Duffy,0,0,,,,,,caught,Rashid Khan,,
1535462,2026,2026-05-26,"Himachal Pradesh Cricket Association Stadium, Dharamsala",2,10.5,Gujarat Titans,Royal Challengers Bengaluru,K Rabada,R Tewatia,JA Duffy,0,0,,,,,,,,,
1535462,2026,2026-05-26,"Himachal Pradesh Cricket Association Stadium, Dharamsala",2,10.6,Gujarat Titans,Royal Challengers Bengaluru,K Rabada,R Tewatia,JA Duffy,4,0,,,,,,,,,
1535462,2026,2026-05-26,"Himachal Pradesh Cricket Association Stadium, Dharamsala",2,10.7,Gujarat Titans,Royal Challengers Bengaluru,K Rabada,R Tewatia,JA Duffy,1,0,,,,,,,,,
1535462,2026,2026-05-26,"Himachal Pradesh Cricket Association Stadium, Dharamsala",2,11.1,Gujarat Titans,Royal Challengers Bengaluru,K Rabada,R Tewatia,KH Pandya,4,0,,,,,,,,,
1535462,2026,2026-05-26,"Himachal Pradesh Cricket Association Stadium, Dharamsala",2,11.2,Gujarat Titans,Royal Challengers Bengaluru,K Rabada,R Tewatia,KH Pandya,0,1,1,,,,,,,,
1535462,2026,2026-05-26,"Himachal Pradesh Cricket Association Stadium, Dharamsala",2,11.3,Gujarat Titans,Royal Challengers Bengaluru,K Rabada,R Tewatia,KH Pandya,0,0,,,,,,caught,K Rabada,,
1535462,2026,2026-05-26,"Himachal Pradesh Cricket Association Stadium, Dharamsala",2,11.4,Gujarat Titans,Royal Challengers Bengaluru,Mohammed Siraj,R Tewatia,KH Pandya,0,0,,,,,,,,,
1535462,2026,2026-05-26,"Himachal Pradesh Cricket Association Stadium, Dharamsala",2,11.5,Gujarat Titans,Royal Challengers Bengaluru,Mohammed Siraj,R Tewatia,KH Pandya,4,0,,,,,,,,,
1535462,2026,2026-05-26,"Himachal Pradesh Cricket Association Stadium, Dharamsala",2,11.6,Gujarat Titans,Royal Challengers Bengaluru,Mohammed Siraj,R Tewatia,KH Pandya,0,0,,,,,,,,,
1535462,2026,2026-05-26,"Himachal Pradesh Cricket Association Stadium, Dharamsala",2,11.7,Gujarat Titans,Royal Challengers Bengaluru,Mohammed Siraj,R Tewatia,KH Pandya,0,0,,,,,,,,,
1535462,2026,2026-05-26,"Himachal Pradesh Cricket Association Stadium, Dharamsala",2,12.1,Gujarat Titans,Royal Challengers Bengaluru,R Tewatia,Mohammed Siraj,R Shepherd,4,0,,,,,,,,,
1535462,2026,2026-05-26,"Himachal Pradesh Cricket Association Stadium, Dharamsala",2,12.2,Gujarat Titans,Royal Challengers Bengaluru,R Tewatia,Mohammed Siraj,R Shepherd,4,0,,,,,,,,,
1535462,2026,2026-05-26,"Himachal Pradesh Cricket Association Stadium, Dharamsala",2,12.3,Gujarat Titans,Royal Challengers Bengaluru,R Tewatia,Mohammed Siraj,R Shepherd,0,0,,,,,,,,,
1535462,2026,2026-05-26,"Himachal Pradesh Cricket Association Stadium, Dharamsala",2,12.4,Gujarat Titans,Royal Challengers Bengaluru,R Tewatia,Mohammed Siraj,R Shepherd,6,0,,,,,,,,,
1535462,2026,2026-05-26,"Himachal Pradesh Cricket Association Stadium, Dharamsala",2,12.5,Gujarat Titans,Royal Challengers Bengaluru,R Tewatia,Mohammed Siraj,R Shepherd,1,0,,,,,,,,,
1535462,2026,2026-05-26,"Himachal Pradesh Cricket Association Stadium, Dharamsala",2,12.6,Gujarat Titans,Royal Challengers Bengaluru,Mohammed Siraj,R Tewatia,R Shepherd,0,0,,,,,,,,,
1535462,2026,2026-05-26,"Himachal Pradesh Cricket Association Stadium, Dharamsala",2,13.1,Gujarat Titans,Royal Challengers Bengaluru,R Tewatia,Mohammed Siraj,JR Hazlewood,0,0,,,,,,,,,
1535462,2026,2026-05-26,"Himachal Pradesh Cricket Association Stadium, Dharamsala",2,13.2,Gujarat Titans,Royal Challengers Bengaluru,R Tewatia,Mohammed Siraj,JR Hazlewood,0,0,,,,,,,,,
1535462,2026,2026-05-26,"Himachal Pradesh Cricket Association Stadium, Dharamsala",2,13.3,Gujarat Titans,Royal Challengers Bengaluru,R Tewatia,Mohammed Siraj,JR Hazlewood,4,0,,,,,,,,,
1535462,2026,2026-05-26,"Himachal Pradesh Cricket Association Stadium, Dharamsala",2,13.4,Gujarat Titans,Royal Challengers Bengaluru,R Tewatia,Mohammed Siraj,JR Hazlewood,0,0,,,,,,,,,
1535462,2026,2026-05-26,"Himachal Pradesh Cricket Association Stadium, Dharamsala",2,13.5,Gujarat Titans,Royal Challengers Bengaluru,R Tewatia,Mohammed Siraj,JR Hazlewood,6,0,,,,,,,,,
1535462,2026,2026-05-26,"Himachal Pradesh Cricket Association Stadium, Dharamsala",2,13.6,Gujarat Titans,Royal Challengers Bengaluru,R Tewatia,Mohammed Siraj,JR Hazlewood,4,0,,,,,,,,,
1535462,2026,2026-05-26,"Himachal Pradesh Cricket Association Stadium, Dharamsala",2,14.1,Gujarat Titans,Royal Challengers Bengaluru,Mohammed Siraj,R Tewatia,KH Pandya,0,0,,,,,,,,,
1535462,2026,2026-05-26,"Himachal Pradesh Cricket Association Stadium, Dharamsala",2,14.2,Gujarat Titans,Royal Challengers Bengaluru,Mohammed Siraj,R Tewatia,KH Pandya,0,0,,,,,,,,,
1535462,2026,2026-05-26,"Himachal Pradesh Cricket Association Stadium, Dharamsala",2,14.3,Gujarat Titans,Royal Challengers Bengaluru,Mohammed Siraj,R Tewatia,KH Pandya,1,0,,,,,,,,,
1535462,2026,2026-05-26,"Himachal Pradesh Cricket Association Stadium, Dharamsala",2,14.4,Gujarat Titans,Royal Challengers Bengaluru,R Tewatia,Mohammed Siraj,KH Pandya,1,0,,,,,,,,,
1535462,2026,2026-05-26,"Himachal Pradesh Cricket Association Stadium, Dharamsala",2,14.5,Gujarat Titans,Royal Challengers Bengaluru,Mohammed Siraj,R Tewatia,KH Pandya,0,0,,,,,,,,,
1535462,2026,2026-05-26,"Himachal Pradesh Cricket Association Stadium, Dharamsala",2,14.6,Gujarat Titans,Royal Challengers Bengaluru,Mohammed Siraj,R Tewatia,KH Pandya,0,0,,,,,,,,,
1535462,2026,2026-05-26,"Himachal Pradesh Cricket Association Stadium, Dharamsala",2,15.1,Gujarat Titans,Royal Challengers Bengaluru,R Tewatia,Mohammed Siraj,B Kumar,0,0,,,,,,,,,
1535462,2026,2026-05-26,"Himachal Pradesh Cricket Association Stadium, Dharamsala",2,15.2,Gujarat Titans,Royal Challengers Bengaluru,R Tewatia,Mohammed Siraj,B Kumar,4,0,,,,,,,,,
1535462,2026,2026-05-26,"Himachal Pradesh Cricket Association Stadium, Dharamsala",2,15.3,Gujarat Titans,Royal Challengers Bengaluru,R Tewatia,Mohammed Siraj,B Kumar,6,0,,,,,,,,,
1535462,2026,2026-05-26,"Himachal Pradesh Cricket Association Stadium, Dharamsala",2,15.4,Gujarat Titans,Royal Challengers Bengaluru,R Tewatia,Mohammed Siraj,B Kumar,0,0,,,,,,,,,
1535462,2026,2026-05-26,"Himachal Pradesh Cricket Association Stadium, Dharamsala",2,15.5,Gujarat Titans,Royal Challengers Bengaluru,R Tewatia,Mohammed Siraj,B Kumar,1,0,,,,,,,,,
1535462,2026,2026-05-26,"Himachal Pradesh Cricket Association Stadium, Dharamsala",2,15.6,Gujarat Titans,Royal Challengers Bengaluru,Mohammed Siraj,R Tewatia,B Kumar,0,0,,,,,,,,,
1535462,2026,2026-05-26,"Himachal Pradesh Cricket Association Stadium, Dharamsala",2,16.1,Gujarat Titans,Royal Challengers Bengaluru,R Tewatia,Mohammed Siraj,JR Hazlewood,0,0,,,,,,,,,
1535462,2026,2026-05-26,"Himachal Pradesh Cricket Association Stadium, Dharamsala",2,16.2,Gujarat Titans,Royal Challengers Bengaluru,R Tewatia,Mohammed Siraj,JR Hazlewood,4,0,,,,,,,,,
1535462,2026,2026-05-26,"Himachal Pradesh Cricket Association Stadium, Dharamsala",2,16.3,Gujarat Titans,Royal Challengers Bengaluru,R Tewatia,Mohammed Siraj,JR Hazlewood,0,0,,,,,,,,,
1535462,2026,2026-05-26,"Himachal Pradesh Cricket Association Stadium, Dharamsala",2,16.4,Gujarat Titans,Royal Challengers Bengaluru,R Tewatia,Mohammed Siraj,JR Hazlewood,4,0,,,,,,,,,
1535462,2026,2026-05-26,"Himachal Pradesh Cricket Association Stadium, Dharamsala",2,16.5,Gujarat Titans,Royal Challengers Bengaluru,R Tewatia,Mohammed Siraj,JR Hazlewood,1,0,,,,,,,,,
1535462,2026,2026-05-26,"Himachal Pradesh Cricket Association Stadium, Dharamsala",2,16.6,Gujarat Titans,Royal Challengers Bengaluru,Mohammed Siraj,R Tewatia,JR Hazlewood,0,0,,,,,,,,,
1535462,2026,2026-05-26,"Himachal Pradesh Cricket Association Stadium, Dharamsala",2,17.1,Gujarat Titans,Royal Challengers Bengaluru,R Tewatia,Mohammed Siraj,Rasikh Salam,0,1,1,,,,,,,,
1535462,2026,2026-05-26,"Himachal Pradesh Cricket Association Stadium, Dharamsala",2,17.2,Gujarat Titans,Royal Challengers Bengaluru,R Tewatia,Mohammed Siraj,Rasikh Salam,0,0,,,,,,,,,
1535462,2026,2026-05-26,"Himachal Pradesh Cricket Association Stadium, Dharamsala",2,17.3,Gujarat Titans,Royal Challengers Bengaluru,R Tewatia,Mohammed Siraj,Rasikh Salam,6,0,,,,,,,,,
1535462,2026,2026-05-26,"Himachal Pradesh Cricket Association Stadium, Dharamsala",2,17.4,Gujarat Titans,Royal Challengers Bengaluru,R Tewatia,Mohammed Siraj,Rasikh Salam,4,0,,,,,,,,,
1535462,2026,2026-05-26,"Himachal Pradesh Cricket Association Stadium, Dharamsala",2,17.5,Gujarat Titans,Royal Challengers Bengaluru,R Tewatia,Mohammed Siraj,Rasikh Salam,0,0,,,,,,,,,
1535462,2026,2026-05-26,"Himachal Pradesh Cricket Association Stadium, Dharamsala",2,17.6,Gujarat Titans,Royal Challengers Bengaluru,R Tewatia,Mohammed Siraj,Rasikh Salam,0,0,,,,,,,,,
1535462,2026,2026-05-26,"Himachal Pradesh Cricket Association Stadium, Dharamsala",2,17.7,Gujarat Titans,Royal Challengers Bengaluru,R Tewatia,Mohammed Siraj,Rasikh Salam,0,1,1,,,,,,,,
1535462,2026,2026-05-26,"Himachal Pradesh Cricket Association Stadium, Dharamsala",2,17.8,Gujarat Titans,Royal Challengers Bengaluru,R Tewatia,Mohammed Siraj,Rasikh Salam,1,0,,,,,,,,,
1535462,2026,2026-05-26,"Himachal Pradesh Cricket Association Stadium, Dharamsala",2,18.1,Gujarat Titans,Royal Challengers Bengaluru,R Tewatia,Mohammed Siraj,B Kumar,0,0,,,,,,caught,R Tewatia,,
1535462,2026,2026-05-26,"Himachal Pradesh Cricket Association Stadium, Dharamsala",2,18.2,Gujarat Titans,Royal Challengers Bengaluru,M Prasidh Krishna,Mohammed Siraj,B Kumar,0,0,,,,,,,,,
1535462,2026,2026-05-26,"Himachal Pradesh Cricket Association Stadium, Dharamsala",2,18.3,Gujarat Titans,Royal Challengers Bengaluru,M Prasidh Krishna,Mohammed Siraj,B Kumar,4,0,,,,,,,,,
1535462,2026,2026-05-26,"Himachal Pradesh Cricket Association Stadium, Dharamsala",2,18.4,Gujarat Titans,Royal Challengers Bengaluru,M Prasidh Krishna,Mohammed Siraj,B Kumar,0,0,,,,,,,,,
1535462,2026,2026-05-26,"Himachal Pradesh Cricket Association Stadium, Dharamsala",2,18.5,Gujarat Titans,Royal Challengers Bengaluru,M Prasidh Krishna,Mohammed Siraj,B Kumar,0,0,,,,,,,,,
1535462,2026,2026-05-26,"Himachal Pradesh Cricket Association Stadium, Dharamsala",2,18.6,Gujarat Titans,Royal Challengers Bengaluru,M Prasidh Krishna,Mohammed Siraj,B Kumar,1,0,,,,,,,,,
1535462,2026,2026-05-26,"Himachal Pradesh Cricket Association Stadium, Dharamsala",2,19.1,Gujarat Titans,Royal Challengers Bengaluru,M Prasidh Krishna,Mohammed Siraj,KH Pandya,0,0,,,,,,,,,
1535462,2026,2026-05-26,"Himachal Pradesh Cricket Association Stadium, Dharamsala",2,19.2,Gujarat Titans,Royal Challengers Bengaluru,M Prasidh Krishna,Mohammed Siraj,KH Pandya,1,0,,,,,,,,,
1535462,2026,2026-05-26,"Himachal Pradesh Cricket Association Stadium, Dharamsala",2,19.3,Gujarat Titans,Royal Challengers Bengaluru,Mohammed Siraj,M Prasidh Krishna,KH Pandya,0,0,,,,,,caught,Mohammed Siraj,,
