version,2.2.0
info,balls_per_over,6
info,team,Rajasthan Royals
info,team,Gujarat Titans
info,gender,male
info,season,2026
info,date,2026/05/29
info,event,Indian Premier League
info,venue,"Maharaja Yadavindra Singh International Cricket Stadium, New Chandigarh"
info,city,New Chandigarh
info,toss_winner,Rajasthan Royals
info,toss_decision,bat
info,player_of_match,Shubman Gill
info,umpire,R Pandit
info,umpire,SJ Nogajski
info,reserve_umpire,UV Gandhe
info,tv_umpire,AT Holdstock
info,match_referee,Prakash Bhatt
info,winner,Gujarat Titans
info,winner_wickets,7
info,player,Rajasthan Royals,TU Deshpande
info,player,Rajasthan Royals,YBK Jaiswal
info,player,Rajasthan Royals,V Suryavanshi
info,player,Rajasthan Royals,Dhruv Jurel
info,player,Rajasthan Royals,RA Jadeja
info,player,Rajasthan Royals,R Parag
info,player,Rajasthan Royals,MD Shanaka
info,player,Rajasthan Royals,JC Archer
info,player,Rajasthan Royals,D Ferreira
info,player,Rajasthan Royals,N Burger
info,player,Rajasthan Royals,Brijesh Sharma
info,player,Rajasthan Royals,Yash Raj Punja
info,player,Gujarat Titans,Mohammed Siraj
info,player,Gujarat Titans,B Sai Sudharsan
info,player,Gujarat Titans,Shubman Gill
info,player,Gujarat Titans,JC Buttler
info,player,Gujarat Titans,Washington Sundar
info,player,Gujarat Titans,R Tewatia
info,player,Gujarat Titans,JO Holder
info,player,Gujarat Titans,N Sindhu
info,player,Gujarat Titans,Rashid Khan
info,player,Gujarat Titans,R Sai Kishore
info,player,Gujarat Titans,K Rabada
info,player,Gujarat Titans,M Prasidh Krishna
info,registry,people,AT Holdstock,6fa3258c
info,registry,people,B Sai Sudharsan,d5130a30
info,registry,people,Brijesh Sharma,133bbd61
info,registry,people,D Ferreira,f0af99a7
info,registry,people,Dhruv Jurel,bcf325d2
info,registry,people,JC Archer,5574750c
info,registry,people,JC Buttler,99b75528
info,registry,people,JO Holder,0f721006
info,registry,people,K Rabada,e62dd25d
info,registry,people,M Prasidh Krishna,85e0cf10
info,registry,people,MD Shanaka,3ff033bb
info,registry,people,Mohammed Siraj,2f49c897
info,registry,people,N Burger,465aa633
info,registry,people,N Sindhu,3cea23da
info,registry,people,Prakash Bhatt,f848ab0b
info,registry,people,R Pandit,8a604384
info,registry,people,R Parag,04a418e8
info,registry,people,R Sai Kishore,c7a995d3
info,registry,people,R Tewatia,39a2dfa8
info,registry,people,RA Jadeja,fe93fd9d
info,registry,people,Rashid Khan,5f547c8b
info,registry,people,SJ Nogajski,9b3f9323
info,registry,people,Shubman Gill,b4b99816
info,registry,people,TU Deshpande,46a9bea1
info,registry,people,UV Gandhe,43dd4011
info,registry,people,V Suryavanshi,470f446b
info,registry,people,Washington Sundar,f19ccfad
info,registry,people,YBK Jaiswal,6c19c6e5
info,registry,people,Yash Raj Punja,02dfebbe
